Edges: (),Caller,Callee
0,0,1
1,0,2
2,0,3
3,0,4
4,0,5
5,1,2
6,1,3
7,1,4
8,1,5
9,2,3
10,2,4
11,2,5
12,3,4
13,3,5
14,4,5
15,6,1
16,6,2
17,6,0
18,6,4
19,6,5
20,7,4
21,7,5
22,7,2
23,7,1
24,7,3
25,8,4
26,8,5
27,8,7
28,8,3
29,8,0
30,9,1
31,9,0
32,9,2
33,9,8
34,9,3
35,10,5
36,10,7
37,10,2
38,10,3
39,10,8
40,11,9
41,11,4
42,11,7
43,11,1
44,11,2
45,12,1
46,12,4
47,12,8
48,12,2
49,12,11
50,13,9
51,13,0
52,13,7
53,13,6
54,13,8
55,14,9
56,14,0
57,14,13
58,14,10
59,14,8
60,15,9
61,15,0
62,15,8
63,15,11
64,15,13
65,16,13
66,16,4
67,16,5
68,16,10
69,16,7
70,17,10
71,17,4
72,17,6
73,17,11
74,17,12
75,18,3
76,18,0
77,18,15
78,18,8
79,18,13
80,19,7
81,19,2
82,19,15
83,19,8
84,19,0
